<?xml version="1.0" encoding="UTF-8"?>
<zabbix_export>
    <version>3.2</version>
    <date>2017-05-13T13:23:37Z</date>
    <value_maps>
        <value_map>
            <name>BgpPeerState</name>
            <mappings>
                <mapping>
                    <value>1</value>
                    <newvalue>idle</newvalue>
                </mapping>
                <mapping>
                    <value>2</value>
                    <newvalue>connect</newvalue>
                </mapping>
                <mapping>
                    <value>3</value>
                    <newvalue>active</newvalue>
                </mapping>
                <mapping>
                    <value>4</value>
                    <newvalue>opensent</newvalue>
                </mapping>
                <mapping>
                    <value>5</value>
                    <newvalue>openconfirm</newvalue>
                </mapping>
                <mapping>
                    <value>6</value>
                    <newvalue>established</newvalue>
                </mapping>
            </mappings>
        </value_map>
    </value_maps>
</zabbix_export>
